番号,避難場所名,有効面積 (㎡),収容人数 (人),住所1,住所２,LocName
1,小松市民センター,323,190,北小松565,滋賀県大津市北小松565,滋賀県/大津市/北小松/５６５番地
2,小松小学校体育館,934,549,南小松1122,滋賀県大津市南小松1122,滋賀県/大津市/南小松/１１２２番地
3,小松小学校グラウンド,"6,620","6,620",南小松1122,滋賀県大津市南小松1122,滋賀県/大津市/南小松/１１２２番地
4,びわこ成蹊スポーツ大学グラウンド,"21,393","21,393",北比良1204,滋賀県大津市北比良1204,滋賀県/大津市/北比良/１２０４番地
5,木戸市民センター,"4,610","2,711",木戸58,滋賀県大津市木戸58,滋賀県/大津市/木戸/５８番地
6,木戸小学校体育館,906,532,荒川1000,滋賀県大津市荒川1000,滋賀県/大津市/荒川/１０００番地
7,木戸小学校グラウンド,"17,035","17,035",荒川1000,滋賀県大津市荒川1000,滋賀県/大津市/荒川/１０００番地
8,志賀中学校体育館,879,517,南船路1029,滋賀県大津市南船路1029,滋賀県/大津市/南船路/１０２９番地
9,志賀中学校グラウンド,"27,070","27,070",南船路1029,滋賀県大津市南船路1029,滋賀県/大津市/南船路/１０２９番地
10,志賀北幼稚園,"1,051",618,荒川880,滋賀県大津市荒川880,滋賀県/大津市/荒川/８８０番地
11,和邇小学校体育館,769,452,和邇中190,滋賀県大津市和邇中190,滋賀県/大津市/和邇中/１９０番地
12,和邇小学校グラウンド,"7,695","7,695",和邇中190,滋賀県大津市和邇中190,滋賀県/大津市/和邇中/１９０番地
13,和邇文化センター,"1,776","1,044",和邇高城12,滋賀県大津市和邇高城12,滋賀県/大津市/和邇高城/１２番地
14,和邇市民体育館,"1,370",805,和邇高城27-2,滋賀県大津市和邇高城27-2,滋賀県/大津市/和邇高城/２７番地
15,志賀南幼稚園,"1,709","1,005",和邇今宿482-1,滋賀県大津市和邇今宿482-1,滋賀県/大津市/和邇今宿/４８２番地
16,和邇市民運動広場,"19,830","19,830",和邇今宿851,滋賀県大津市和邇今宿851,滋賀県/大津市/和邇今宿/８５１番地
17,道の駅妹子の郷駐車場,"12,183","12,183",大津市和邇中528,滋賀県大津市大津市和邇中528,滋賀県/大津市/大萱
18,道の駅妹子の郷施設棟,"1,115",655,大津市和邇中528,滋賀県大津市大津市和邇中528,滋賀県/大津市/大萱
19,小野市民センター,449,263,湖青一丁目1-2,滋賀県大津市湖青一丁目1-2,滋賀県/大津市/湖青/一丁目/１番
20,小野小学校体育館,799,469,水明一丁目34-2,滋賀県大津市水明一丁目34-2,滋賀県/大津市/水明/一丁目/３４番
21,小野小学校グラウンド,"16,850","16,850",水明一丁目34-2,滋賀県大津市水明一丁目34-2,滋賀県/大津市/水明/一丁目/３４番
22,比良ゴルフ場,"170,000","170,000",小野1611,滋賀県大津市小野1611,滋賀県/大津市/小野/１６１１番地
23,葛川市民センター,131,77,葛川坊村町237-37,滋賀県大津市葛川坊村町237-37,滋賀県/大津市/葛川坊村町
24,葛川少年自然の家,751,441,葛川坊村町243,滋賀県大津市葛川坊村町243,滋賀県/大津市/葛川坊村町
25,葛川小学校校舎,569,334,葛川中村町108-1,滋賀県大津市葛川中村町108-1,滋賀県/大津市/葛川中村町
26,葛川中学校校舎,744,437,葛川中村町108-1,滋賀県大津市葛川中村町108-1,滋賀県/大津市/葛川中村町
27,葛川小・中学校グラウンド,"2,932","2,932",葛川中村町108-1,滋賀県大津市葛川中村町108-1,滋賀県/大津市/葛川中村町
28,葛川保育園,84,49,葛川中村町108-1,滋賀県大津市葛川中村町108-1,滋賀県/大津市/葛川中村町
29,伊香立市民センター,242,142,伊香立生津町133-1,滋賀県大津市伊香立生津町133-1,滋賀県/大津市/伊香立生津町/１３３番地
30,伊香立小学校体育館,510,300,伊香立生津町132-1,滋賀県大津市伊香立生津町132-1,滋賀県/大津市/伊香立生津町/１３２番地
31,伊香立小学校グラウンド,"9,149","9,149",伊香立生津町132-1,滋賀県大津市伊香立生津町132-1,滋賀県/大津市/伊香立生津町/１３２番地
32,伊香立中学校体育館,666,392,伊香立下在地町414,滋賀県大津市伊香立下在地町414,滋賀県/大津市/伊香立下在地町/４１４番地
33,伊香立中学校グラウンド,"15,700","15,700",伊香立下在地町414,滋賀県大津市伊香立下在地町414,滋賀県/大津市/伊香立下在地町/４１４番地
34,伊香立児童館,207,121,伊香立下龍華町584-157,滋賀県大津市伊香立下龍華町584-157,滋賀県/大津市/伊香立下龍華町/５８４番地
35,伊香立ふれあいセンター,125,73,伊香立下龍華町584-157,滋賀県大津市伊香立下龍華町584-157,滋賀県/大津市/伊香立下龍華町/５８４番地
36,伊香立環境交流館,360,211,伊香立下在地町1222-1,滋賀県大津市伊香立下在地町1222-1,滋賀県/大津市/伊香立下在地町/１２２２番地
37,伊香立児童クラブ,115,67,伊香立下在地町1222-1,滋賀県大津市伊香立下在地町1222-1,滋賀県/大津市/伊香立下在地町/１２２２番地
38,伊香立保育園グラウンド,"1,074","1,074",伊香立下龍華町566,滋賀県大津市伊香立下龍華町566,滋賀県/大津市/伊香立下龍華町/５６６番地
39,伊香立公園,"89,000","89,000",山百合の丘4-1,滋賀県大津市山百合の丘4-1,滋賀県/大津市/山百合の丘/４番
40,真野市民センター,478,280,真野四丁目6-2,滋賀県大津市真野四丁目6-2,滋賀県/大津市/真野/四丁目/６番
41,真野小学校体育館,536,315,真野四丁目6-17,滋賀県大津市真野四丁目6-17,滋賀県/大津市/真野/四丁目/６番
42,真野小学校グラウンド,"9,115","9,115",真野四丁目6-17,滋賀県大津市真野四丁目6-17,滋賀県/大津市/真野/四丁目/６番
43,真野幼稚園,151,88,真野四丁目6-27,滋賀県大津市真野四丁目6-27,滋賀県/大津市/真野/四丁目/６番
44,真野幼稚園グラウンド,"1,450","1,450",真野四丁目6-27,滋賀県大津市真野四丁目6-27,滋賀県/大津市/真野/四丁目/６番
45,真野北市民センター,350,206,緑町4-1,滋賀県大津市緑町4-1,滋賀県/大津市/緑町/４番
46,真野北市民センター前広場,"2,644","2,644",緑町4-1,滋賀県大津市緑町4-1,滋賀県/大津市/緑町/４番
47,真野北小学校体育館,560,329,緑町15-2,滋賀県大津市緑町15-2,滋賀県/大津市/緑町/１５番
48,真野北小学校グラウンド,"9,699","9,699",緑町15-2,滋賀県大津市緑町15-2,滋賀県/大津市/緑町/１５番
49,真野中学校体育館,728,428,清風町24-1,滋賀県大津市清風町24-1,滋賀県/大津市/清風町/２４番
50,真野中学校グラウンド,"14,901","14,901",清風町24-1,滋賀県大津市清風町24-1,滋賀県/大津市/清風町/２４番
51,伊香立・真野北幼稚園,171,100,緑町16-2,滋賀県大津市緑町16-2,滋賀県/大津市/緑町/１６番
52,伊香立・真野北幼稚園グラウンド,"1,380","1,380",緑町16-2,滋賀県大津市緑町16-2,滋賀県/大津市/緑町/１６番
53,真野保育園,250,147,向陽町4-2,滋賀県大津市向陽町4-2,滋賀県/大津市/向陽町/４番
54,麗湖こども園,263,154,花園町13-36,滋賀県大津市花園町13-36,滋賀県/大津市/花園町/１３番
55,麗湖こども園グラウンド,"1,185","1,185",花園町13-36,滋賀県大津市花園町13-36,滋賀県/大津市/花園町/１３番
56,花園児童公園,"3,450","3,450",花園町13,滋賀県大津市花園町13,滋賀県/大津市/花園町/１３番
57,まんだら公園,"20,874","20,874",清風町6,滋賀県大津市清風町6,滋賀県/大津市/清風町/６番
58,陽明公園,"1,462","1,462",陽明町6,滋賀県大津市陽明町6,滋賀県/大津市/陽明町/６番
59,清和公園,"1,435","1,435",清和町16,滋賀県大津市清和町16,滋賀県/大津市/清和町/１６番
60,みどり公園,"2,366","2,366",緑町16,滋賀県大津市緑町16,滋賀県/大津市/緑町/１６番
61,びわ湖美空団地一帯（向陽公園含む）,"118,000","118,000",美空町,滋賀県大津市美空町,滋賀県/大津市/美空町
62,堅田市民センター,348,204,本堅田三丁目8-1,滋賀県大津市本堅田三丁目8-1,滋賀県/大津市/本堅田/三丁目/８番
63,堅田小学校体育館,560,329,本堅田三丁目6-1,滋賀県大津市本堅田三丁目6-1,滋賀県/大津市/本堅田/三丁目/６番
64,堅田中学校体育館,580,340,本堅田三丁目22-1,滋賀県大津市本堅田三丁目22-1,滋賀県/大津市/本堅田/三丁目/２２番
65,堅田中学校グラウンド,"6,522","6,522",本堅田三丁目22-1,滋賀県大津市本堅田三丁目22-1,滋賀県/大津市/本堅田/三丁目/２２番
66,堅田幼稚園,152,89,本堅田三丁目7-17,滋賀県大津市本堅田三丁目7-17,滋賀県/大津市/本堅田/三丁目/７番
67,北部地域文化センター,450,264,堅田二丁目1-11,滋賀県大津市堅田二丁目1-11,滋賀県/大津市/堅田/二丁目/１番
68,堅田高校体育館,851,500,本堅田三丁目9-1,滋賀県大津市本堅田三丁目9-1,滋賀県/大津市/本堅田/三丁目/９番
69,天神山保育園グラウンド,"1,194","1,194",本堅田六丁目3-1,滋賀県大津市本堅田六丁目3-1,滋賀県/大津市/本堅田/六丁目/３番
70,堅田高校・堅田小学校グラウンド一帯,"72,000","72,000",本堅田三丁目9-1他,滋賀県大津市本堅田三丁目9-1他,滋賀県/大津市/本堅田/三丁目/９番
71,堅田かすがやま翔裕館,230,135,本堅田六丁目16-8,滋賀県大津市本堅田六丁目16-8,滋賀県/大津市/本堅田/六丁目
72,本福寺こども園,523,308,本堅田一丁目22-30,滋賀県大津市本堅田一丁目22-30,滋賀県/大津市/本堅田/一丁目/２２番
73,第二本福寺こども園,995,585,本堅田六丁目14-11,滋賀県大津市本堅田六丁目14-11,滋賀県/大津市/本堅田/六丁目
74,仰木市民センター,252,148,仰木四丁目15-11,滋賀県大津市仰木四丁目15-11,滋賀県/大津市/仰木/四丁目/１５番
75,仰木小学校体育館,334,196,仰木四丁目15-8,滋賀県大津市仰木四丁目15-8,滋賀県/大津市/仰木/四丁目/１５番
76,仰木小学校グラウンド,"5,299","5,299",仰木四丁目15-8,滋賀県大津市仰木四丁目15-8,滋賀県/大津市/仰木/四丁目/１５番
77,旧仰木幼稚園グラウンド,"1,610","1,610",仰木四丁目1-30,滋賀県大津市仰木四丁目1-30,滋賀県/大津市/仰木/四丁目/１番
78,仰木太鼓会館,224,131,仰木四丁目2-50,滋賀県大津市仰木四丁目2-50,滋賀県/大津市/仰木/四丁目/２番
79,仰木の里市民センター,332,195,仰木の里七丁目1-25,滋賀県大津市仰木の里七丁目1-25,滋賀県/大津市/仰木の里/七丁目/１番
80,仰木の里小学校体育館,528,310,仰木の里四丁目4-1,滋賀県大津市仰木の里四丁目4-1,滋賀県/大津市/仰木の里/四丁目/４番
81,仰木の里小学校グラウンド,"13,123","13,123",仰木の里四丁目4-1,滋賀県大津市仰木の里四丁目4-1,滋賀県/大津市/仰木の里/四丁目/４番
82,仰木の里東小学校体育館,514,302,仰木の里東六丁目1-1,滋賀県大津市仰木の里東六丁目1-1,滋賀県/大津市/仰木の里東/六丁目/１番
83,仰木の里東小学校グラウンド,"11,172","11,172",仰木の里東六丁目1-1,滋賀県大津市仰木の里東六丁目1-1,滋賀県/大津市/仰木の里東/六丁目/１番
84,仰木の里幼稚園,150,88,仰木の里三丁目10-1,滋賀県大津市仰木の里三丁目10-1,滋賀県/大津市/仰木の里/三丁目/１０番
85,仰木の里幼稚園グラウンド,"1,365","1,365",仰木の里三丁目10-1,滋賀県大津市仰木の里三丁目10-1,滋賀県/大津市/仰木の里/三丁目/１０番
86,仰木の里東幼稚園,146,85,仰木の里東六丁目4-1,滋賀県大津市仰木の里東六丁目4-1,滋賀県/大津市/仰木の里東/六丁目/４番
87,仰木の里東幼稚園グラウンド,"1,140","1,140",仰木の里東六丁目4-1,滋賀県大津市仰木の里東六丁目4-1,滋賀県/大津市/仰木の里東/六丁目/４番
88,仰木中学校体育館,909,534,仰木の里五丁目1-1,滋賀県大津市仰木の里五丁目1-1,滋賀県/大津市/仰木の里/五丁目/１番
89,仰木中学校グラウンド,"17,357","17,357",仰木の里五丁目1-1,滋賀県大津市仰木の里五丁目1-1,滋賀県/大津市/仰木の里/五丁目/１番
90,せんだん保育園  駐車場,194,194,仰木の里東二丁目2-5,滋賀県大津市仰木の里東二丁目2-5,滋賀県/大津市/仰木の里東/二丁目/２番
91,認定こども園はぐくみの家仰木星の子 駐車場,480,480,仰木の里一丁目28-1,滋賀県大津市仰木の里一丁目28-1,滋賀県/大津市/仰木の里/一丁目/２８番
92,滋賀県立北大津高校体育館,884,519,仰木の里一丁目23-1,滋賀県大津市仰木の里一丁目23-1,滋賀県/大津市/仰木の里/一丁目/２３番
93,仰木東公園,"36,000","36,000",仰木の里東二丁目15,滋賀県大津市仰木の里東二丁目15,滋賀県/大津市/仰木の里東/二丁目/１５番
94,仰木西公園・北大津高校グラウンド,"105,000","105,000",仰木の里一丁目28他,滋賀県大津市仰木の里一丁目28他,滋賀県/大津市/仰木の里/一丁目/２８番
95,雄琴市民センター,169,99,雄琴一丁目17-2,滋賀県大津市雄琴一丁目17-2,滋賀県/大津市/雄琴/一丁目/１７番
96,雄琴小学校体育館,316,185,雄琴二丁目16-1,滋賀県大津市雄琴二丁目16-1,滋賀県/大津市/雄琴/二丁目/１６番
97,雄琴小学校グラウンド,"6,164","6,164",雄琴二丁目16-1,滋賀県大津市雄琴二丁目16-1,滋賀県/大津市/雄琴/二丁目/１６番
98,旧雄琴幼稚園グラウンド,"1,104","1,104",雄琴二丁目16-1,滋賀県大津市雄琴二丁目16-1,滋賀県/大津市/雄琴/二丁目/１６番
99,雄琴湖岸緑地,"4,200","4,200",雄琴六丁目1,滋賀県大津市雄琴六丁目1,滋賀県/大津市/雄琴/六丁目/１番
100,湖西浄化センター,"7,830","7,830",苗鹿三丁目1-1,滋賀県大津市苗鹿三丁目1-1,滋賀県/大津市/苗鹿/三丁目/１番
101,坂本市民センター,245,144,坂本六丁目1-12,滋賀県大津市坂本六丁目1-12,滋賀県/大津市/坂本/六丁目/１番
102,坂本小学校体育館,545,320,坂本三丁目12-57,滋賀県大津市坂本三丁目12-57,滋賀県/大津市/坂本/三丁目/１２番
103,坂本小学校グラウンド,"9,731","9,731",坂本三丁目12-57,滋賀県大津市坂本三丁目12-57,滋賀県/大津市/坂本/三丁目/１２番
104,坂本幼稚園,151,88,坂本六丁目1-12,滋賀県大津市坂本六丁目1-12,滋賀県/大津市/坂本/六丁目/１番
105,坂本幼稚園グラウンド,"1,100","1,100",坂本六丁目1-12,滋賀県大津市坂本六丁目1-12,滋賀県/大津市/坂本/六丁目/１番
106,坂本市民体育館,353,207,坂本六丁目33-19,滋賀県大津市坂本六丁目33-19,滋賀県/大津市/坂本/六丁目/３３番
107,比叡ふれあいセンター,778,457,坂本六丁目33-19,滋賀県大津市坂本六丁目33-19,滋賀県/大津市/坂本/六丁目/３３番
108,坂本市民格技場,113,66,坂本六丁目1-11,滋賀県大津市坂本六丁目1-11,滋賀県/大津市/坂本/六丁目/１番
109,坂本市民運動広場,"9,578","9,578",坂本五丁目16,滋賀県大津市坂本五丁目16,滋賀県/大津市/坂本/五丁目/１６番
110,坂本市民センター前広場,"3,182","3,182",坂本六丁目1-12,滋賀県大津市坂本六丁目1-12,滋賀県/大津市/坂本/六丁目/１番
111,坂本天満宮多目的広場,"13,377","13,377",坂本八丁目30,滋賀県大津市坂本八丁目30,滋賀県/大津市/坂本/八丁目/３０番
112,比叡山中学校体育館,472,277,坂本四丁目5,滋賀県大津市坂本四丁目5,滋賀県/大津市/坂本/四丁目/５番
113,比叡山高等学校本館,289,170,坂本四丁目3-1,滋賀県大津市坂本四丁目3-1,滋賀県/大津市/坂本/四丁目/３番
114,比叡山高等学校グラウンド,"17,140","17,140",坂本一丁目2,滋賀県大津市坂本一丁目2,滋賀県/大津市/坂本/一丁目/２番
115,日吉台市民センター,391,229,日吉台一丁目15-1,滋賀県大津市日吉台一丁目15-1,滋賀県/大津市/日吉台/一丁目/１５番
116,日吉台小学校体育館,596,350,日吉台三丁目33-3,滋賀県大津市日吉台三丁目33-3,滋賀県/大津市/日吉台/三丁目/３３番
117,日吉台小学校グラウンド,"9,941","9,941",日吉台三丁目33-3,滋賀県大津市日吉台三丁目33-3,滋賀県/大津市/日吉台/三丁目/３３番
118,日吉台至明こども園グラウンド,77,77,日吉台三丁目33-2,滋賀県大津市日吉台三丁目33-2,滋賀県/大津市/日吉台/三丁目/３３番
119,日吉台第９公園,"1,908","1,908",日吉台一丁目14,滋賀県大津市日吉台一丁目14,滋賀県/大津市/日吉台/一丁目/１４番
120,下阪本市民センター,443,260,下阪本三丁目14-30,滋賀県大津市下阪本三丁目14-30,滋賀県/大津市/下阪本/三丁目/１４番
121,下阪本小学校体育館,484,284,下阪本四丁目10-1,滋賀県大津市下阪本四丁目10-1,滋賀県/大津市/下阪本/四丁目/１０番
122,下阪本小学校グラウンド,"3,676","3,676",下阪本四丁目10-1,滋賀県大津市下阪本四丁目10-1,滋賀県/大津市/下阪本/四丁目/１０番
123,日吉中学校体育館,582,342,下阪本六丁目38-26,滋賀県大津市下阪本六丁目38-26,滋賀県/大津市/下阪本/六丁目/３８番
124,日吉中学校グラウンド,"16,590","16,590",下阪本六丁目38-26,滋賀県大津市下阪本六丁目38-26,滋賀県/大津市/下阪本/六丁目/３８番
125,下阪本幼稚園,154,90,下阪本四丁目15-12,滋賀県大津市下阪本四丁目15-12,滋賀県/大津市/下阪本/四丁目/１５番
126,下阪本幼稚園グラウンド,"1,646","1,646",下阪本四丁目15-12,滋賀県大津市下阪本四丁目15-12,滋賀県/大津市/下阪本/四丁目/１５番
127,新唐崎公園,"3,077","3,077",下阪本六丁目2,滋賀県大津市下阪本六丁目2,滋賀県/大津市/下阪本/六丁目/２番
128,下阪本市民運動広場,"4,500","4,500",比叡辻二丁目14,滋賀県大津市比叡辻二丁目14,滋賀県/大津市/比叡辻/二丁目/１４番
129,唐崎市民センター,417,245,唐崎二丁目10-1,滋賀県大津市唐崎二丁目10-1,滋賀県/大津市/唐崎/二丁目/１０番
130,唐崎小学校体育館,525,308,際川四丁目7-1,滋賀県大津市際川四丁目7-1,滋賀県/大津市/際川/四丁目/７番
131,唐崎小学校グラウンド,"10,000","10,000",際川四丁目7-1,滋賀県大津市際川四丁目7-1,滋賀県/大津市/際川/四丁目/７番
132,唐崎中学校体育館,675,396,唐崎二丁目9-1,滋賀県大津市唐崎二丁目9-1,滋賀県/大津市/唐崎/二丁目/９番
133,唐崎中学校グラウンド,"20,268","20,268",唐崎二丁目9-1,滋賀県大津市唐崎二丁目9-1,滋賀県/大津市/唐崎/二丁目/９番
134,唐崎幼稚園,150,88,際川三丁目38-2,滋賀県大津市際川三丁目38-2,滋賀県/大津市/際川/三丁目/３８番
135,唐崎幼稚園グラウンド,"2,091","2,091",際川三丁目38-2,滋賀県大津市際川三丁目38-2,滋賀県/大津市/際川/三丁目/３８番
136,埋蔵文化財調査センター,136,80,滋賀里一丁目17-23,滋賀県大津市滋賀里一丁目17-23,滋賀県/大津市/滋賀里/一丁目/１７番
137,滋賀里交流センター,275,161,滋賀里一丁目9-11,滋賀県大津市滋賀里一丁目9-11,滋賀県/大津市/滋賀里/一丁目/９番
138,唐崎保育園グラウンド,776,456,際川三丁目37-1,滋賀県大津市際川三丁目37-1,滋賀県/大津市/際川/三丁目/３７番
139,滋賀市民センター,316,185,南志賀一丁目8-32,滋賀県大津市南志賀一丁目8-32,滋賀県/大津市/南志賀/一丁目/８番
140,志賀小学校体育館,420,247,南志賀一丁目5-1,滋賀県大津市南志賀一丁目5-1,滋賀県/大津市/南志賀/一丁目/５番
141,志賀小学校グラウンド,"5,716","5,716",南志賀一丁目5-1,滋賀県大津市南志賀一丁目5-1,滋賀県/大津市/南志賀/一丁目/５番
142,志賀幼稚園,180,105,勧学一丁目8-1,滋賀県大津市勧学一丁目8-1,滋賀県/大津市/勧学/一丁目/８番
143,志賀幼稚園グラウンド,"2,815","2,815",勧学一丁目8-1,滋賀県大津市勧学一丁目8-1,滋賀県/大津市/勧学/一丁目/８番
144,皇子が丘公園体育館,"1,664",978,皇子が丘一丁目1-1,滋賀県大津市皇子が丘一丁目1-1,滋賀県/大津市/皇子が丘/一丁目/１番
145,皇子が丘公園第二体育館,297,174,皇子が丘一丁目1-50,滋賀県大津市皇子が丘一丁目1-50,滋賀県/大津市/皇子が丘/一丁目/１番
146,中ふれあいセンター,396,233,皇子が丘一丁目9-10,滋賀県大津市皇子が丘一丁目9-10,滋賀県/大津市/皇子が丘/一丁目/９番
147,柳が崎湖畔公園芝生広場,"1,500","1,500",柳が崎5,滋賀県大津市柳が崎5,滋賀県/大津市/柳が崎/５番
148,柳が崎湖畔公園駐車場,"7,000","7,000",柳が崎7,滋賀県大津市柳が崎7,滋賀県/大津市/柳が崎/７番
149,皇子が丘保育園グラウンド,425,425,皇子が丘一丁目20-20,滋賀県大津市皇子が丘一丁目20-20,滋賀県/大津市/皇子が丘/一丁目/２０番
150,皇子が丘公園,"168,000","168,000",皇子が丘一丁目1,滋賀県大津市皇子が丘一丁目1,滋賀県/大津市/皇子が丘/一丁目/１番
151,びわ湖大津館,998,586,柳が崎5-35,滋賀県大津市柳が崎5-35,滋賀県/大津市/柳が崎/５番
152,近江神宮外苑公園,"10,388","10,388",二本松1-2,滋賀県大津市二本松1-2,滋賀県/大津市/二本松/１番
153,山中比叡平市民センター,152,89,比叡平三丁目57-1,滋賀県大津市比叡平三丁目57-1,滋賀県/大津市/比叡平/三丁目/５７番
154,比叡平小学校体育館,416,244,比叡平一丁目45-1,滋賀県大津市比叡平一丁目45-1,滋賀県/大津市/比叡平/一丁目/４５番
155,比叡平小学校グラウンド,"8,212","8,212",比叡平一丁目45-1,滋賀県大津市比叡平一丁目45-1,滋賀県/大津市/比叡平/一丁目/４５番
156,"やまのこひろば
(比叡平幼稚園・ひえい平保育園)グラウンド","1,180","1,180",比叡平一丁目45-3,滋賀県大津市比叡平一丁目45-3,
157,住民交流・まちづくりセンター,231,135,比叡平二丁目39-4,滋賀県大津市比叡平二丁目39-4,滋賀県/大津市/比叡平/二丁目/３９番
158,住民交流・まちづくりセンター中庭,"1,000","1,000",比叡平二丁目39-4,滋賀県大津市比叡平二丁目39-4,滋賀県/大津市/比叡平/二丁目/３９番
159,比叡平市民運動広場,"9,886","9,886",比叡平一丁目1063-9,滋賀県大津市比叡平一丁目1063-9,滋賀県/大津市/比叡平/一丁目
160,山中会館,171,100,山中町1-12,滋賀県大津市山中町1-12,滋賀県/大津市/山中町/１番
161,山中市民運動広場,"1,200","1,200",山中町1-12,滋賀県大津市山中町1-12,滋賀県/大津市/山中町/１番
162,藤尾市民センター,230,135,横木二丁目4-1,滋賀県大津市横木二丁目4-1,滋賀県/大津市/横木/二丁目/４番
163,藤尾小学校体育館,567,333,茶戸町10-1,滋賀県大津市茶戸町10-1,滋賀県/大津市/茶戸町/１０番
164,藤尾小学校グラウンド,"5,000","5,000",茶戸町10-1,滋賀県大津市茶戸町10-1,滋賀県/大津市/茶戸町/１０番
165,永興藤尾こども園グラウンド,"1,490","1,490",茶戸町22-6,滋賀県大津市茶戸町22-6,滋賀県/大津市/茶戸町/２２番
166,市営大谷団地一帯,"3,083","3,083",大谷町6,滋賀県大津市大谷町6,滋賀県/大津市/大谷町/６番
167,長等市民センター,338,198,大門通16-40,滋賀県大津市大門通16-40,滋賀県/大津市/大門通/１６番
168,長等小学校体育館,448,263,大門通5-1,滋賀県大津市大門通5-1,滋賀県/大津市/大門通/５番
169,長等小学校グラウンド,"6,000","6,000",大門通5-1,滋賀県大津市大門通5-1,滋賀県/大津市/大門通/５番
170,皇子山中学校体育館,792,466,尾花川12-1,滋賀県大津市尾花川12-1,滋賀県/大津市/尾花川/１２番
171,皇子山中学校グラウンド,"13,200","13,200",尾花川12-1,滋賀県大津市尾花川12-1,滋賀県/大津市/尾花川/１２番
172,長等幼稚園,162,95,三井寺町10-30,滋賀県大津市三井寺町10-30,滋賀県/大津市/三井寺町/１０番
173,長等幼稚園グラウンド,"1,085","1,085",三井寺町10-30,滋賀県大津市三井寺町10-30,滋賀県/大津市/三井寺町/１０番
174,滋賀県立大津商業高校体育館,"1,384",814,御陵町2-1,滋賀県大津市御陵町2-1,滋賀県/大津市/御陵町/２番
175,滋賀県立大津商業高校グラウンド,"16,402","16,402",御陵町2-1,滋賀県大津市御陵町2-1,滋賀県/大津市/御陵町/２番
176,市民文化会館,195,114,御陵町2-3,滋賀県大津市御陵町2-3,滋賀県/大津市/御陵町/２番
177,県立スポーツ会館,951,559,御陵町4-1,滋賀県大津市御陵町4-1,滋賀県/大津市/御陵町/４番
178,尾花川公園,"2,167","2,167",尾花川1,滋賀県大津市尾花川1,滋賀県/大津市/尾花川/１番
179,皇子山総合運動公園,"151,000","151,000",御陵町4,滋賀県大津市御陵町4,滋賀県/大津市/御陵町/４番
180,逢坂市民センター,648,381,京町三丁目1-3,滋賀県大津市京町三丁目1-3,滋賀県/大津市/京町/三丁目/１番
181,逢坂小学校体育館,466,273,音羽台6-1,滋賀県大津市音羽台6-1,滋賀県/大津市/音羽台/６番
182,逢坂小学校グラウンド,"9,900","9,900",音羽台6-1,滋賀県大津市音羽台6-1,滋賀県/大津市/音羽台/６番
183,逢坂幼稚園,134,78,音羽台6-2,滋賀県大津市音羽台6-2,滋賀県/大津市/音羽台/６番
184,逢坂幼稚園グラウンド,"1,876","1,876",音羽台6-2,滋賀県大津市音羽台6-2,滋賀県/大津市/音羽台/６番
185,逢坂保育園グラウンド,863,863,音羽台6-20,滋賀県大津市音羽台6-20,滋賀県/大津市/音羽台/６番
186,打出中学校体育館,882,518,本宮二丁目46-1,滋賀県大津市本宮二丁目46-1,滋賀県/大津市/本宮/二丁目/４６番
187,打出中学校グラウンド,"13,839","13,839",本宮二丁目46-1,滋賀県大津市本宮二丁目46-1,滋賀県/大津市/本宮/二丁目/４６番
188,滋賀短期大学附属高校グラウンド,"5,346","5,346",朝日が丘一丁目18-1,滋賀県大津市朝日が丘一丁目18-1,滋賀県/大津市/朝日が丘/一丁目/１８番
189,滋賀短期大学附属高校体育館,"1,431",841,朝日が丘一丁目18-1,滋賀県大津市朝日が丘一丁目18-1,滋賀県/大津市/朝日が丘/一丁目/１８番
190,朝日が丘保育園グラウンド,"1,000","1,000",朝日が丘一丁目23-33,滋賀県大津市朝日が丘一丁目23-33,滋賀県/大津市/朝日が丘/一丁目/２３番
191,中央市民センター,477,280,中央二丁目2-5,滋賀県大津市中央二丁目2-5,滋賀県/大津市/中央/二丁目/２番
192,中央小学校体育館,481,283,島の関1-60,滋賀県大津市島の関1-60,滋賀県/大津市/島の関/１番
193,中央小学校グラウンド,"6,752","6,752",島の関1-60,滋賀県大津市島の関1-60,滋賀県/大津市/島の関/１番
194,大津幼稚園,105,61,島の関1-50,滋賀県大津市島の関1-50,滋賀県/大津市/島の関/１番
195,大津幼稚園グラウンド,800,800,島の関1-50,滋賀県大津市島の関1-50,滋賀県/大津市/島の関/１番
196,市民会館,925,544,島の関14-1,滋賀県大津市島の関14-1,滋賀県/大津市/島の関/１４番
197,大津湖岸なぎさ公園おまつり広場,"17,000","17,000",島の関13地先,滋賀県大津市島の関13地先,滋賀県/大津市/島の関/１３番
198,大津港,"69,000","69,000",浜大津五丁目5,滋賀県大津市浜大津五丁目5,滋賀県/大津市/浜大津/五丁目
199,平野市民センター,579,340,馬場三丁目15-45,滋賀県大津市馬場三丁目15-45,滋賀県/大津市/馬場/三丁目/１５番
200,平野小学校体育館,525,308,馬場一丁目2-1,滋賀県大津市馬場一丁目2-1,滋賀県/大津市/馬場/一丁目/２番
201,平野小学校グラウンド,"5,450","5,450",馬場一丁目2-1,滋賀県大津市馬場一丁目2-1,滋賀県/大津市/馬場/一丁目/２番
202,平野幼稚園,152,89,馬場一丁目5-28,滋賀県大津市馬場一丁目5-28,滋賀県/大津市/馬場/一丁目/５番
203,平野幼稚園グラウンド,"1,092","1,092",馬場一丁目5-28,滋賀県大津市馬場一丁目5-28,滋賀県/大津市/馬場/一丁目/５番
204,滋賀県立大津高校体育館,"2,124","1,249",馬場一丁目1-1,滋賀県大津市馬場一丁目1-1,滋賀県/大津市/馬場/一丁目/１番
205,滋賀県立大津高校グラウンド,"13,065","13,065",馬場一丁目1-1,滋賀県大津市馬場一丁目1-1,滋賀県/大津市/馬場/一丁目/１番
206,滋賀短期大学,"1,368",804,竜が丘24-4,滋賀県大津市竜が丘24-4,滋賀県/大津市/竜が丘/２４番
207,滋賀短期大学グラウンド,"1,600","1,600",竜が丘24-4,滋賀県大津市竜が丘24-4,滋賀県/大津市/竜が丘/２４番
208,旧市立大津市民病院 付属看護専門学校,299,174,石場10-53,滋賀県大津市石場10-53,滋賀県/大津市/石場/１０番
209,勤労福祉センター,"1,594",937,打出浜1-6,滋賀県大津市打出浜1-6,滋賀県/大津市/打出浜/１番
210,大津湖岸なぎさ公園打出の森,"10,129","10,129",打出浜15,滋賀県大津市打出浜15,滋賀県/大津市/打出浜
211,滋賀県立芸術劇場びわ湖ホール,"1,881","1,106",打出浜15-1,滋賀県大津市打出浜15-1,滋賀県/大津市/打出浜
212,"滋賀県立県民交流センター
（ピアザ淡海）","7,763","4,566",におの浜一丁目1-20,滋賀県大津市におの浜一丁目1-20,
213,県立武道館,951,559,におの浜四丁目2-15,滋賀県大津市におの浜四丁目2-15,滋賀県/大津市/におの浜/四丁目/２番
214,県立体育館,"4,504","2,649",におの浜四丁目2-12,滋賀県大津市におの浜四丁目2-12,滋賀県/大津市/におの浜/四丁目/２番
215,膳所市民センター,588,346,本丸町6-40,滋賀県大津市本丸町6-40,滋賀県/大津市/本丸町/６番
216,膳所小学校体育館,572,336,中庄二丁目8-37,滋賀県大津市中庄二丁目8-37,滋賀県/大津市/中庄/二丁目/８番
217,膳所小学校グラウンド,"10,000","10,000",中庄二丁目8-37,滋賀県大津市中庄二丁目8-37,滋賀県/大津市/中庄/二丁目/８番
218,膳所幼稚園,273,160,中庄二丁目6-5,滋賀県大津市中庄二丁目6-5,滋賀県/大津市/中庄/二丁目/６番
219,膳所幼稚園グラウンド,"2,107","2,107",中庄二丁目6-5,滋賀県大津市中庄二丁目6-5,滋賀県/大津市/中庄/二丁目/６番
220,滋賀県立膳所高校体育館,751,441,膳所二丁目11-1,滋賀県大津市膳所二丁目11-1,滋賀県/大津市/膳所/二丁目/１１番
221,滋賀県立膳所高校グラウンド,"16,357","16,357",膳所二丁目11-1,滋賀県大津市膳所二丁目11-1,滋賀県/大津市/膳所/二丁目/１１番
222,滋賀県立膳所高校第２グラウンド,"25,000","25,000",相模町4,滋賀県大津市相模町4,滋賀県/大津市/相模町/４番
223,膳所城跡公園,"31,124","31,124",本丸町7,滋賀県大津市本丸町7,滋賀県/大津市/本丸町/７番
224,生涯学習センター,512,301,本丸町6-50,滋賀県大津市本丸町6-50,滋賀県/大津市/本丸町/６番
225,膳所児童館,134,78,昭和町15-15,滋賀県大津市昭和町15-15,滋賀県/大津市/昭和町/１５番
226,膳所ふれあいセンター,149,87,昭和町15-25,滋賀県大津市昭和町15-25,滋賀県/大津市/昭和町/１５番
227,膳所保育園グラウンド,"1,160","1,160",昭和町17-32,滋賀県大津市昭和町17-32,滋賀県/大津市/昭和町/１７番
228,滋賀大学教育学部附属学校グラウンド,"8,073","8,073",昭和町10-3,滋賀県大津市昭和町10-3,滋賀県/大津市/昭和町/１０番
229,湖城が丘街区公園,"2,421","2,421",湖城が丘33,滋賀県大津市湖城が丘33,滋賀県/大津市/湖城が丘/３３番
230,富士見市民センター,343,201,園山二丁目15-33,滋賀県大津市園山二丁目15-33,滋賀県/大津市/園山/二丁目/１５番
231,富士見小学校体育館,525,308,富士見台42-16,滋賀県大津市富士見台42-16,滋賀県/大津市/富士見台/４２番
232,富士見小学校グラウンド,"6,000","6,000",富士見台42-16,滋賀県大津市富士見台42-16,滋賀県/大津市/富士見台/４２番
233,富士見幼稚園,295,173,富士見台45-5,滋賀県大津市富士見台45-5,滋賀県/大津市/富士見台/４５番
234,富士見幼稚園グラウンド,864,864,富士見台45-5,滋賀県大津市富士見台45-5,滋賀県/大津市/富士見台/４５番
235,富士見台一区防災広場,812,812,富士見台3-30,滋賀県大津市富士見台3-30,滋賀県/大津市/富士見台/３番
236,茶臼山公園,"93,000","93,000",秋葉台34,滋賀県大津市秋葉台34,滋賀県/大津市/秋葉台/３４番
237,若葉台公園,"3,654","3,654",若葉台28,滋賀県大津市若葉台28,滋賀県/大津市/若葉台/２８番
238,園山公園,"53,000","53,000",園山二丁目11,滋賀県大津市園山二丁目11,滋賀県/大津市/園山/二丁目/１１番
239,晴嵐市民センター,575,338,北大路一丁目9-5,滋賀県大津市北大路一丁目9-5,滋賀県/大津市/北大路/一丁目/９番
240,晴嵐小学校体育館,557,327,光が丘町4-70,滋賀県大津市光が丘町4-70,滋賀県/大津市/光が丘町/４番
241,晴嵐小学校グラウンド,"8,500","8,500",光が丘町4-70,滋賀県大津市光が丘町4-70,滋賀県/大津市/光が丘町/４番
242,粟津中学校体育館,971,571,晴嵐一丁目20-20,滋賀県大津市晴嵐一丁目20-20,滋賀県/大津市/晴嵐/一丁目/２０番
243,粟津中学校グラウンド,"14,612","14,612",晴嵐一丁目20-20,滋賀県大津市晴嵐一丁目20-20,滋賀県/大津市/晴嵐/一丁目/２０番
244,北大路中学校体育館,665,391,北大路三丁目22-1,滋賀県大津市北大路三丁目22-1,滋賀県/大津市/北大路/三丁目/２２番
245,北大路中学校グラウンド,"9,669","9,669",北大路三丁目22-1,滋賀県大津市北大路三丁目22-1,滋賀県/大津市/北大路/三丁目/２２番
246,晴嵐幼稚園,265,155,鳥居川町15-22,滋賀県大津市鳥居川町15-22,滋賀県/大津市/鳥居川町/１５番
247,晴嵐幼稚園グラウンド,"1,256","1,256",鳥居川町15-22,滋賀県大津市鳥居川町15-22,滋賀県/大津市/鳥居川町/１５番
248,晴嵐保育園グラウンド,"1,000","1,000",光が丘町5-10,滋賀県大津市光が丘町5-10,滋賀県/大津市/光が丘町/５番
249,滋賀県立石山高校体育館,964,567,国分一丁目15-1,滋賀県大津市国分一丁目15-1,滋賀県/大津市/国分/一丁目/１５番
250,滋賀県立石山高校グラウンド,"17,646","17,646",国分一丁目15-1,滋賀県大津市国分一丁目15-1,滋賀県/大津市/国分/一丁目/１５番
251,東レスタジアム,"13,200","13,200",粟津町13,滋賀県大津市粟津町13,滋賀県/大津市/粟津町/１３番
252,石山市民センター,324,190,石山寺三丁目15-15,滋賀県大津市石山寺三丁目15-15,滋賀県/大津市/石山寺/三丁目/１５番
253,石山小学校体育館,539,317,石山寺三丁目11-20,滋賀県大津市石山寺三丁目11-20,滋賀県/大津市/石山寺/三丁目/１１番
254,石山小学校グラウンド,"8,720","8,720",石山寺三丁目11-20,滋賀県大津市石山寺三丁目11-20,滋賀県/大津市/石山寺/三丁目/１１番
255,石山中学校体育館,740,435,平津一丁目23-1,滋賀県大津市平津一丁目23-1,滋賀県/大津市/平津/一丁目/２３番
256,石山中学校グラウンド,"12,659","12,659",平津一丁目23-1,滋賀県大津市平津一丁目23-1,滋賀県/大津市/平津/一丁目/２３番
257,石山幼稚園,222,130,石山寺三丁目17-8,滋賀県大津市石山寺三丁目17-8,滋賀県/大津市/石山寺/三丁目/１７番
258,石山幼稚園グラウンド,700,700,石山寺三丁目17-8,滋賀県大津市石山寺三丁目17-8,滋賀県/大津市/石山寺/三丁目/１７番
259,大平保育園グラウンド,750,750,大平二丁目33-22,滋賀県大津市大平二丁目33-22,滋賀県/大津市/大平/二丁目/３３番
260,石山市民体育館,424,249,石山寺三丁目10-35,滋賀県大津市石山寺三丁目10-35,滋賀県/大津市/石山寺/三丁目/１０番
261,滋賀県立大津清陵高校体育館,588,345,大平一丁目14-1,滋賀県大津市大平一丁目14-1,滋賀県/大津市/大平/一丁目/１４番
262,滋賀県立大津清陵高校グラウンド,"10,411","10,411",大平一丁目14-1,滋賀県大津市大平一丁目14-1,滋賀県/大津市/大平/一丁目/１４番
263,石山公園（石山寺駐車場含む）,"6,000","6,000",石山寺三丁目2,滋賀県大津市石山寺三丁目2,滋賀県/大津市/石山寺/三丁目/２番
264,滋賀大学教育学部,"115,000","115,000",平津二丁目5-1他,滋賀県大津市平津二丁目5-1他,滋賀県/大津市/平津/二丁目/５番
265,南郷市民センター,306,180,南郷一丁目12-13,滋賀県大津市南郷一丁目12-13,滋賀県/大津市/南郷/一丁目/１２番
266,南郷小学校体育館,565,332,南郷一丁目15-9,滋賀県大津市南郷一丁目15-9,滋賀県/大津市/南郷/一丁目/１５番
267,南郷小学校グラウンド,"9,917","9,917",南郷一丁目15-9,滋賀県大津市南郷一丁目15-9,滋賀県/大津市/南郷/一丁目/１５番
268,南郷中学校体育館,681,400,赤尾町57-1,滋賀県大津市赤尾町57-1,滋賀県/大津市/赤尾町/５７番
269,南郷中学校グラウンド,"13,006","13,006",赤尾町57-1,滋賀県大津市赤尾町57-1,滋賀県/大津市/赤尾町/５７番
270,南郷幼稚園,150,88,南郷三丁目15-1,滋賀県大津市南郷三丁目15-1,滋賀県/大津市/南郷/三丁目/１５番
271,南郷幼稚園グラウンド,"1,962","1,962",南郷三丁目15-1,滋賀県大津市南郷三丁目15-1,滋賀県/大津市/南郷/三丁目/１５番
272,南郷公園,"15,000","15,000",南郷一丁目17,滋賀県大津市南郷一丁目17,滋賀県/大津市/南郷/一丁目/１７番
273,大石市民センター,299,176,大石中一丁目1-1,滋賀県大津市大石中一丁目1-1,滋賀県/大津市/大石中/一丁目/１番
274,大石小学校体育館,553,325,大石東七丁目4-1,滋賀県大津市大石東七丁目4-1,滋賀県/大津市/大石東/七丁目/４番
275,大石小学校グラウンド,"4,740","4,740",大石東七丁目4-1,滋賀県大津市大石東七丁目4-1,滋賀県/大津市/大石東/七丁目/４番
276,大石幼稚園,135,79,大石中一丁目5-9,滋賀県大津市大石中一丁目5-9,滋賀県/大津市/大石中/一丁目/５番
277,大石幼稚園グラウンド,"1,954","1,954",大石中一丁目5-9,滋賀県大津市大石中一丁目5-9,滋賀県/大津市/大石中/一丁目/５番
278,大石緑地グラウンド,"19,727","19,727",大石淀一丁目,滋賀県大津市大石淀一丁目,滋賀県/大津市/大石淀/一丁目
279,田上市民センター,354,208,里三丁目9-1,滋賀県大津市里三丁目9-1,滋賀県/大津市/里/三丁目/９番
280,田上小学校体育館,711,418,里五丁目8-1,滋賀県大津市里五丁目8-1,滋賀県/大津市/里/五丁目/８番
281,田上小学校グラウンド,"8,317","8,317",里五丁目8-1,滋賀県大津市里五丁目8-1,滋賀県/大津市/里/五丁目/８番
282,田上幼稚園,154,90,関津六丁目19-8,滋賀県大津市関津六丁目19-8,滋賀県/大津市/関津/六丁目/１９番
283,田上幼稚園グラウンド,"2,668","2,668",関津六丁目19-8,滋賀県大津市関津六丁目19-8,滋賀県/大津市/関津/六丁目/１９番
284,田上児童館,135,79,稲津一丁目14-30,滋賀県大津市稲津一丁目14-30,滋賀県/大津市/稲津/一丁目/１４番
285,南ふれあいセンター,178,104,稲津一丁目10-20,滋賀県大津市稲津一丁目10-20,滋賀県/大津市/稲津/一丁目/１０番
286,田上市民体育館,253,148,稲津一丁目10-18,滋賀県大津市稲津一丁目10-18,滋賀県/大津市/稲津/一丁目/１０番
287,湖南台地東児童公園,"1,200","1,200",稲津三丁目6,滋賀県大津市稲津三丁目6,滋賀県/大津市/稲津/三丁目/６番
288,稲津南児童公園,"4,366","4,366",稲津一丁目14,滋賀県大津市稲津一丁目14,滋賀県/大津市/稲津/一丁目/１４番
289,湖南台地西児童公園,"1,100","1,100",稲津三丁目18,滋賀県大津市稲津三丁目18,滋賀県/大津市/稲津/三丁目/１８番
290,田上公園多目的グラウンド,"7,800","7,800",枝三丁目1,滋賀県大津市枝三丁目1,滋賀県/大津市/枝/三丁目/１番
291,南郷水産センター駐車場,"16,666","16,666",黒津四丁目3,滋賀県大津市黒津四丁目3,滋賀県/大津市/黒津/四丁目/３番
292,羽栗公園,"7,500","7,500",羽栗1丁目19,滋賀県大津市羽栗1丁目19,滋賀県/大津市/羽栗/一丁目/１９番
293,上田上市民センター,225,132,牧一丁目1-24,滋賀県大津市牧一丁目1-24,滋賀県/大津市/牧/一丁目/１番
294,上田上小学校体育館,415,243,平野一丁目18-5,滋賀県大津市平野一丁目18-5,滋賀県/大津市/平野/一丁目/１８番
295,上田上小学校グラウンド,"6,000","6,000",平野一丁目18-5,滋賀県大津市平野一丁目18-5,滋賀県/大津市/平野/一丁目/１８番
296,田上中学校体育館,771,453,新免一丁目1-12,滋賀県大津市新免一丁目1-12,滋賀県/大津市/新免/一丁目/１番
297,田上中学校グラウンド,"10,969","10,969",新免一丁目1-12,滋賀県大津市新免一丁目1-12,滋賀県/大津市/新免/一丁目/１番
298,上田上幼稚園,126,74,平野一丁目18-20,滋賀県大津市平野一丁目18-20,滋賀県/大津市/平野/一丁目/１８番
299,上田上幼稚園グラウンド,"1,200","1,200",平野一丁目18-20,滋賀県大津市平野一丁目18-20,滋賀県/大津市/平野/一丁目/１８番
300,滋賀アリーナ（屋外駐車場、多目的広場）,"15,746","15,745",上田上中野町779,滋賀県大津市上田上中野町779,滋賀県/大津市/上田上中野町
301,青山市民センター,924,543,青山五丁目13-36,滋賀県大津市青山五丁目13-36,滋賀県/大津市/青山/五丁目/１３番
302,青山小学校体育館,470,276,青山三丁目16-1,滋賀県大津市青山三丁目16-1,滋賀県/大津市/青山/三丁目/１６番
303,青山小学校グラウンド,"11,355","11,355",青山三丁目16-1,滋賀県大津市青山三丁目16-1,滋賀県/大津市/青山/三丁目/１６番
304,青山中学校体育館,898,528,青山八丁目24-1,滋賀県大津市青山八丁目24-1,滋賀県/大津市/青山/八丁目/２４番
305,青山中学校グラウンド,"13,257","13,257",青山八丁目24-1,滋賀県大津市青山八丁目24-1,滋賀県/大津市/青山/八丁目/２４番
306,青山幼稚園,158,92,青山三丁目16-2,滋賀県大津市青山三丁目16-2,滋賀県/大津市/青山/三丁目/１６番
307,青山幼稚園グラウンド,"1,826","1,826",青山三丁目16-2,滋賀県大津市青山三丁目16-2,滋賀県/大津市/青山/三丁目/１６番
308,瀬田市民センター,553,325,大江三丁目2-1,滋賀県大津市大江三丁目2-1,滋賀県/大津市/大江/三丁目/２番
309,瀬田小学校体育館,594,349,大江四丁目2-1,滋賀県大津市大江四丁目2-1,滋賀県/大津市/大江/四丁目/２番
310,瀬田小学校グラウンド,"10,000","10,000",大江四丁目2-1,滋賀県大津市大江四丁目2-1,滋賀県/大津市/大江/四丁目/２番
311,瀬田中学校体育館,951,559,大江七丁目1-1,滋賀県大津市大江七丁目1-1,滋賀県/大津市/大江/七丁目/１番
312,瀬田中学校グラウンド,"15,000","15,000",大江七丁目1-1,滋賀県大津市大江七丁目1-1,滋賀県/大津市/大江/七丁目/１番
313,瀬田幼稚園,150,88,大江四丁目3-6,滋賀県大津市大江四丁目3-6,滋賀県/大津市/大江/四丁目/３番
314,瀬田幼稚園グラウンド,"1,084","1,084",大江四丁目3-6,滋賀県大津市大江四丁目3-6,滋賀県/大津市/大江/四丁目/３番
315,瀬田北市民センター,390,229,大将軍一丁目14-30,滋賀県大津市大将軍一丁目14-30,滋賀県/大津市/大将軍/一丁目/１４番
316,瀬田北小学校体育館,477,280,大将軍一丁目14-5,滋賀県大津市大将軍一丁目14-5,滋賀県/大津市/大将軍/一丁目/１４番
317,瀬田北小学校グラウンド,"11,495","11,495",大将軍一丁目14-5,滋賀県大津市大将軍一丁目14-5,滋賀県/大津市/大将軍/一丁目/１４番
318,瀬田北中学校体育館,765,450,大将軍一丁目13-1,滋賀県大津市大将軍一丁目13-1,滋賀県/大津市/大将軍/一丁目/１３番
319,瀬田北中学校グラウンド,"14,994","14,994",大将軍一丁目13-1,滋賀県大津市大将軍一丁目13-1,滋賀県/大津市/大将軍/一丁目/１３番
320,瀬田北幼稚園,149,87,大将軍一丁目14-1,滋賀県大津市大将軍一丁目14-1,滋賀県/大津市/大将軍/一丁目/１４番
321,瀬田北幼稚園グラウンド,"2,117","2,117",大将軍一丁目14-1,滋賀県大津市大将軍一丁目14-1,滋賀県/大津市/大将軍/一丁目/１４番
322,瀬田南市民センター,406,238,神領三丁目8-9,滋賀県大津市神領三丁目8-9,滋賀県/大津市/神領/三丁目/８番
323,瀬田南小学校体育館,598,351,三大寺1-1,滋賀県大津市三大寺1-1,滋賀県/大津市/三大寺/１番
324,瀬田南小学校グラウンド,"12,546","12,546",三大寺1-1,滋賀県大津市三大寺1-1,滋賀県/大津市/三大寺/１番
325,"みなみっこひろば
（瀬田南幼稚園・瀬田南保育園）",194,114,三大寺1-3,滋賀県大津市三大寺1-3,
326,"みなみっこひろば
（瀬田南幼稚園・瀬田南保育園）グラウンド","1,900","1,900",三大寺1-3,滋賀県大津市三大寺1-3,
327,滋賀県立瀬田工業高校体育館,700,411,神領三丁目18-1,滋賀県大津市神領三丁目18-1,滋賀県/大津市/神領/三丁目/１８番
328,滋賀県立瀬田工業高校グラウンド,"19,310","19,310",神領三丁目18-1,滋賀県大津市神領三丁目18-1,滋賀県/大津市/神領/三丁目/１８番
329,野郷原児童遊園地,"1,218","1,218",野郷原一丁目2,滋賀県大津市野郷原一丁目2,滋賀県/大津市/野郷原/一丁目/２番
330,唐橋公園,"26,605","26,605",瀬田一丁目,滋賀県大津市瀬田一丁目,滋賀県/大津市/瀬田/一丁目
331,瀬田東市民センター,406,238,一里山三丁目16-1,滋賀県大津市一里山三丁目16-1,滋賀県/大津市/一里山/三丁目/１６番
332,瀬田東小学校体育館,602,354,一里山二丁目20-2,滋賀県大津市一里山二丁目20-2,滋賀県/大津市/一里山/二丁目/２０番
333,瀬田東小学校グラウンド,"8,790","8,790",一里山二丁目20-2,滋賀県大津市一里山二丁目20-2,滋賀県/大津市/一里山/二丁目/２０番
334,瀬田東幼稚園,151,88,一里山二丁目20-1,滋賀県大津市一里山二丁目20-1,滋賀県/大津市/一里山/二丁目/２０番
335,瀬田東幼稚園グラウンド,"1,909","1,909",一里山二丁目20-1,滋賀県大津市一里山二丁目20-1,滋賀県/大津市/一里山/二丁目/２０番
336,滋賀県立東大津高校体育館,979,576,瀬田南大萱町1732-2,滋賀県大津市瀬田南大萱町1732-2,滋賀県/大津市/瀬田南大萱町/１７３２番地
337,滋賀県立東大津高校グラウンド,"26,400","26,400",瀬田南大萱町1732-2,滋賀県大津市瀬田南大萱町1732-2,滋賀県/大津市/瀬田南大萱町/１７３２番地
338,一里山公園緑のふれあいセンター,394,231,一里山三丁目16-1,滋賀県大津市一里山三丁目16-1,滋賀県/大津市/一里山/三丁目/１６番
339,瀬田公園体育館,844,496,一里山六丁目9,滋賀県大津市一里山六丁目9,滋賀県/大津市/一里山/六丁目/９番
340,月輪自動車教習所,"15,000","15,000",月輪一丁目6-1,滋賀県大津市月輪一丁目6-1,滋賀県/大津市/月輪/一丁目/６番
341,一里山公園,"7,037","7,037",一里山三丁目１６,滋賀県大津市一里山三丁目１６,滋賀県/大津市/一里山/三丁目/１６番
342,月輪大池公園,"35,000","35,000",月輪四丁目１,滋賀県大津市月輪四丁目１,滋賀県/大津市/月輪/四丁目/１番
343,びわこ文化公園,"131,000","131,000",瀬田南大萱町1740-1,滋賀県大津市瀬田南大萱町1740-1,滋賀県/大津市/瀬田南大萱町/１７４０番地
344,瀬田公園,"128,433","128,433",一里山六丁目9他,滋賀県大津市一里山六丁目9他,滋賀県/大津市/一里山/六丁目/９番
